Suma,Media,Mediana,Moda,Max,Min
10.7,3.57,3.5,3.5,3.7,3.5
49.7,3.31,3.6,3.6,4.0,1.9
42.8,3.29,3.5,3.5,4.1,2.0
28.0,3.5,3.5,3.5,4.4,2.7
26.2,3.28,3.65,3.7,3.8,1.8
8.8,2.93,3.2,2.1,3.5,2.1
26.9,3.36,3.6,3.7,3.9,2.3
35.7,3.25,3.3,3.3,3.7,2.4
7.9,3.95,3.95,3.6,4.3,3.6
7.0,3.5,3.5,3.4,3.6,3.4
79.5,3.79,3.7,3.8,4.7,3.3
15.4,3.85,3.9,3.9,4.2,3.4
8.1,4.05,4.05,4.0,4.1,4.0
20914.3,3.52,3.5,3.5,7.1,2.1
3.9,3.9,3.9,3.9,3.9,3.9
1377.0,3.49,3.5,3.6,7.1,2.8
14.1,3.52,3.55,3.6,3.6,3.4
62.5,3.91,3.85,3.8,4.3,3.5
673.0,2.85,2.9,3.0,4.0,1.5
98.7,3.95,3.9,3.6,5.0,3.4
45.2,3.77,3.75,3.7,4.2,3.2
65.4,3.85,3.8,3.8,4.6,3.2
17.5,2.92,3.0,3.0,3.2,2.3
1688.0,4.07,4.0,3.9,5.7,3.1
15.7,3.92,3.85,3.5,4.5,3.5
21.1,3.52,3.5,3.3,3.9,3.3
7.0,3.5,3.5,3.5,3.5,3.5
3.8,3.8,3.8,3.8,3.8,3.8
8.5,4.25,4.25,3.7,4.8,3.7
206.8,3.83,3.8,3.9,4.7,2.7
8.2,4.1,4.1,4.1,4.1,4.1
3.8,3.8,3.8,3.8,3.8,3.8
298.4,3.93,3.9,3.7,5.5,3.3
163.6,3.56,3.5,3.5,4.4,3.1
255.2,2.77,2.8,3.7,4.0,1.5
3.6,3.6,3.6,3.6,3.6,3.6
11.8,3.93,3.9,3.9,4.0,3.9
26.3,3.29,3.25,3.1,3.6,3.0
1062.3,3.69,3.7,3.7,5.0,2.3
7.7,3.85,3.85,3.7,4.0,3.7
11.100000000000001,3.7,3.7,3.7,3.7,3.7
4450.2,3.58,3.6,3.5,5.1,2.7
207.0,3.91,3.8,3.7,4.7,3.5
7944.4,3.82,3.8,3.8,6.2,3.1
10.0,3.33,3.4,2.9,3.7,2.9
17.6,3.52,3.4,3.4,3.9,3.3
9.7,3.23,3.5,2.5,3.7,2.5
326.7,3.02,3.0,3.1,4.1,1.7
3.3,3.3,3.3,3.3,3.3,3.3
7910.0,3.58,3.6,3.5,5.6,2.7
1575.1,3.44,3.4,3.4,4.5,2.7
22.5,3.75,3.85,3.9,4.0,3.3
3.4,3.4,3.4,3.4,3.4,3.4
9.4,2.35,2.4,2.4,2.7,1.9
8.1,4.05,4.05,3.8,4.3,3.8
20.7,3.45,3.45,3.7,3.7,3.1
30.6,2.35,2.4,1.9,3.1,1.5
40.0,4.0,3.9,3.9,4.3,3.7
108.8,3.75,3.8,3.7,4.3,3.3
137.6,3.82,3.8,3.9,4.5,3.4
54.9,3.92,3.85,3.9,5.3,3.6
1212.3,4.46,4.3,4.2,6.2,3.0
2561.8,3.28,3.2,3.1,5.5,1.6
226.6,3.6,3.6,3.4,4.5,3.2
25.7,3.67,3.6,3.3,4.2,3.3
33.9,3.39,3.25,3.2,3.9,3.1
6.199999999999999,3.1,3.1,2.9,3.3,2.9
273.5,3.6,3.6,3.6,4.3,3.0
27.200000000000003,3.02,3.1,3.1,4.0,2.0
259.6,3.87,3.9,3.8,4.6,3.3
103.6,3.84,3.9,3.9,4.4,3.4
53.0,3.79,3.65,3.6,4.7,3.6
22.2,3.7,3.65,3.7,4.3,3.4
5124.4,3.4,3.4,3.5,4.9,2.4
7.9,3.95,3.95,3.6,4.3,3.6
93.6,3.74,3.8,4.0,4.1,3.2
7.8,3.9,3.9,3.5,4.3,3.5
4018.2,3.73,3.7,3.8,6.1,2.5
2.5,2.5,2.5,2.5,2.5,2.5
2.8,2.8,2.8,2.8,2.8,2.8
7.8999999999999995,3.95,3.95,3.8,4.1,3.8
160.4,4.11,4.0,3.5,6.2,3.4
153.5,3.74,3.7,3.9,4.5,3.1
3065.1,3.55,3.5,3.5,7.6,2.5
637.2,3.6,3.6,3.7,5.8,2.6
35.5,3.23,3.3,3.3,3.6,2.6
43.2,4.32,4.3,4.3,4.8,3.6
56.2,3.75,3.8,3.8,4.0,3.5
4.1,4.1,4.1,4.1,4.1,4.1
45.3,3.24,3.3,2.2,3.9,2.2
212.4,3.27,3.3,3.1,4.2,1.8
32.2,3.58,3.6,3.6,4.1,3.3
41020.2,3.98,3.9,3.9,7.3,2.7
31.099999999999998,3.89,3.85,3.8,4.0,3.8
13835.2,3.71,3.7,3.7,6.1,2.5
125.7,4.05,4.1,4.1,4.5,3.4
2079.4,3.92,3.9,3.9,6.5,3.0
3.8,3.8,3.8,3.8,3.8,3.8
19.8,2.83,2.9,3.2,3.2,2.1
12.9,4.3,4.3,4.2,4.4,4.2
101.4,3.9,3.85,3.8,4.8,3.5
3.7,3.7,3.7,3.7,3.7,3.7
77.8,3.7,3.9,3.9,4.4,2.4
91.0,3.5,3.5,3.4,3.9,3.0
6.9,3.45,3.45,3.3,3.6,3.3
20.3,2.9,3.1,1.5,3.8,1.5
14.4,3.6,3.7,3.9,3.9,3.1
10.9,3.63,3.7,3.7,3.7,3.5
18.0,3.6,3.7,3.3,3.9,3.3
57.3,3.37,3.4,4.0,4.0,2.6
70.9,3.55,3.5,3.5,3.9,3.3
52.7,3.51,3.6,3.7,3.9,2.7
101.2,3.89,3.9,3.7,4.4,3.5
80.5,3.66,3.7,3.7,4.1,3.2
223.6,3.92,3.9,3.9,5.0,3.0
3.4,3.4,3.4,3.4,3.4,3.4
4.4,4.4,4.4,4.4,4.4,4.4
11.1,3.7,3.6,3.3,4.2,3.3
30.9,3.86,3.8,3.8,4.2,3.7
47.7,3.67,3.7,3.7,3.8,3.5
144.8,4.83,4.7,4.7,6.5,4.0
24.5,4.08,3.95,4.8,4.8,3.4
14.600000000000001,3.65,3.65,3.6,3.7,3.6
1258.1,3.53,3.5,3.5,7.1,2.6
46.2,3.08,3.1,3.4,3.8,2.2
5.4,2.7,2.7,1.9,3.5,1.9
3.4,3.4,3.4,3.4,3.4,3.4
11.5,3.83,3.9,3.9,3.9,3.7
772.3,3.59,3.6,3.4,4.6,2.8
799.1,3.49,3.5,3.6,5.2,2.5
55.1,3.06,3.15,3.4,3.8,1.7
286.7,3.63,3.7,3.6,4.1,2.8
18676.7,3.62,3.6,3.5,6.5,2.3
13772.7,3.78,3.8,3.8,5.7,2.9
33076.7,3.59,3.6,3.5,7.7,1.9
50.3,3.59,3.7,3.3,4.0,2.3
326.2,3.79,3.8,3.9,4.9,3.2
11.1,3.7,3.6,3.5,4.0,3.5
83.0,3.61,3.5,3.4,4.5,3.2
553.4,3.4,3.4,3.4,4.9,2.6
36.2,4.02,4.2,3.6,5.1,3.2
15.5,3.88,3.9,4.1,4.1,3.6
54.1,3.86,3.7,3.7,4.4,3.5
116.0,3.87,3.8,3.8,5.0,3.4
4.1,4.1,4.1,4.1,4.1,4.1
41.3,3.44,3.4,3.7,3.9,3.0
3.5,3.5,3.5,3.5,3.5,3.5
7342.8,3.36,3.4,3.4,6.1,2.2
3.7,3.7,3.7,3.7,3.7,3.7
30.0,3.75,3.6,3.6,4.3,3.5
44.1,3.68,3.7,3.7,4.2,2.6
22.2,3.7,3.8,3.8,3.9,3.1
19.3,3.86,3.9,4.0,4.0,3.6
82.0,3.73,3.75,3.8,4.3,3.2
78.8,2.02,2.0,1.8,3.1,1.0
22401.7,3.57,3.5,3.5,6.1,1.9
19078.7,3.81,3.8,3.8,7.4,1.9
12.4,2.48,2.1,1.9,3.3,1.9
4.4,2.2,2.2,1.8,2.6,1.8
162.7,3.97,4.0,4.0,4.6,3.4
2.8,2.8,2.8,2.8,2.8,2.8
24.8,3.54,3.5,3.4,4.0,3.3
7.4,3.7,3.7,3.6,3.8,3.6
88.7,3.41,3.5,3.5,3.7,2.4
212.3,3.66,3.6,3.5,4.6,2.9
99.1,3.67,3.6,3.6,4.2,3.1
232.6,3.88,3.8,3.8,4.8,3.5
32.4,4.05,4.05,4.1,4.4,3.8
342.6,3.89,3.85,3.7,5.4,3.1
3.7,3.7,3.7,3.7,3.7,3.7
312.0,3.43,3.4,3.4,4.4,2.2
1844.5,3.38,3.4,3.4,5.1,2.3
10.2,3.4,3.3,2.8,4.1,2.8
10.8,3.6,3.7,3.1,4.0,3.1
31.0,3.88,3.85,3.8,4.2,3.3
10.6,3.53,3.7,3.1,3.8,3.1
41.5,3.77,3.8,3.7,4.2,3.4
121.5,4.34,4.2,4.2,5.6,3.5
69.6,3.48,3.5,3.3,3.7,3.3
15.4,3.85,3.85,3.7,4.0,3.7
6.4,3.2,3.2,3.2,3.2,3.2
1542.9,3.2,3.4,3.5,4.6,1.7
7.699999999999999,3.85,3.85,3.8,3.9,3.8
28.599999999999998,4.09,4.1,4.1,4.3,3.7
19.2,3.84,3.7,3.3,4.9,3.3
75.9,3.8,3.7,3.6,4.9,3.3
4.6,4.6,4.6,4.6,4.6,4.6
11.8,3.93,3.9,3.8,4.1,3.8
29.0,4.14,4.2,4.0,4.4,3.9
25.900000000000002,3.7,3.7,3.4,4.2,3.4
22.0,3.67,3.7,3.7,3.9,3.3
34.6,3.84,3.7,3.7,4.3,3.7
1383.1,3.93,3.9,3.8,7.5,3.0
197.7,4.12,4.1,4.2,4.8,3.6
204.0,3.92,3.9,3.9,6.1,2.9
193.9,4.04,4.0,4.0,5.0,3.5
7.1,3.55,3.55,3.5,3.6,3.5
43.4,3.62,3.65,3.7,3.8,3.4
11.5,3.83,3.9,3.9,3.9,3.7
10596.9,3.53,3.6,3.6,6.4,2.0
14.8,3.7,3.65,3.6,3.9,3.6
54.4,1.55,1.5,1.2,2.9,0.6
77.5,3.88,3.8,3.8,4.7,3.5
3.6,3.6,3.6,3.6,3.6,3.6
337.2,4.06,3.9,3.8,5.8,3.3
940.7,3.95,3.9,3.7,6.8,2.5
29.1,2.65,2.9,2.9,3.8,1.1
45.7,4.15,4.2,3.9,4.5,3.6
232.9,4.16,4.1,4.1,5.2,2.8
1996.4,3.64,3.6,3.5,5.5,2.7
1504.5,3.49,3.4,3.3,5.9,2.6
47.4,3.65,3.8,3.0,4.6,2.9
7.300000000000001,3.65,3.65,3.6,3.7,3.6
2352.1,3.4,3.4,3.3,6.0,2.7
115.5,3.73,3.7,3.9,4.4,3.3
48.2,3.21,3.3,2.8,3.6,2.7
13.399999999999999,3.35,3.35,3.3,3.4,3.3
751.6,2.8,2.7,2.5,4.3,1.8
29.3,3.66,3.7,3.9,3.9,3.3
11.3,3.77,3.7,3.6,4.0,3.6
109.1,4.36,4.3,3.6,6.5,3.5
19.1,3.82,3.8,3.8,4.2,3.5
3.9,3.9,3.9,3.9,3.9,3.9
71.5,3.25,3.3,3.4,4.1,2.4
15.0,3.75,3.75,3.7,3.8,3.7
2396.1,3.84,3.8,3.8,5.9,3.0
2.1,2.1,2.1,2.1,2.1,2.1
203.2,3.83,3.8,4.0,4.5,3.2
10110.8,3.77,3.7,3.7,7.2,2.2
946.6,3.52,3.5,3.5,4.3,2.9
7.6,3.8,3.8,3.8,3.8,3.8
9.6,4.8,4.8,3.9,5.7,3.9
1215.5,3.81,3.8,3.7,6.4,3.0
220.2,3.19,3.1,3.0,4.5,2.2
7.3,3.65,3.65,3.5,3.8,3.5
230.5,3.84,3.8,3.8,5.6,3.4
7.0,3.5,3.5,3.4,3.6,3.4
7.0,3.5,3.5,3.5,3.5,3.5
426.1,3.64,3.7,3.7,4.5,2.5
48.7,2.03,2.1,2.1,3.4,1.0
25.4,2.12,2.2,2.1,3.1,1.0
47.9,3.42,3.5,3.3,3.8,2.4
2183.2,3.74,3.7,3.7,5.0,3.0
14.5,3.62,3.55,3.4,4.0,3.4
49.0,4.08,4.1,4.1,4.7,3.6
2343.1,3.81,3.8,3.8,5.1,3.0
3.7,3.7,3.7,3.7,3.7,3.7
3.8,3.8,3.8,3.8,3.8,3.8
8.2,4.1,4.1,3.8,4.4,3.8
30.0,2.31,2.2,2.0,3.4,1.5
9.5,3.17,3.3,2.5,3.7,2.5
11.2,3.73,3.8,3.8,3.8,3.6
6.699999999999999,3.35,3.35,3.3,3.4,3.3
22.700000000000003,3.78,3.7,3.7,4.4,3.4
37.2,3.38,3.4,3.4,3.7,2.6
265.3,3.54,3.7,3.8,4.4,1.9
34.9,3.88,4.0,4.0,4.1,3.5
27.5,3.93,4.0,3.6,4.2,3.6
3.9,3.9,3.9,3.9,3.9,3.9
3.6,3.6,3.6,3.6,3.6,3.6
9.6,3.2,3.3,2.8,3.5,2.8
10485.3,3.7,3.7,3.7,5.1,2.9
40.9,3.15,3.1,2.9,4.3,2.2
57.7,4.44,4.3,3.8,5.6,3.8
4.1,4.1,4.1,4.1,4.1,4.1
10.8,3.6,3.6,3.5,3.7,3.5
25.6,3.66,3.7,3.7,3.7,3.6
73.0,1.78,1.6,1.3,3.8,0.8
5275.5,3.88,3.8,3.8,8.1,3.0
23.6,3.93,3.95,3.6,4.2,3.6
1855.4,3.73,3.7,3.5,6.5,2.4
7.4,3.7,3.7,3.6,3.8,3.6
3.9,3.9,3.9,3.9,3.9,3.9
3.9,3.9,3.9,3.9,3.9,3.9
2530.0,3.84,3.8,3.9,6.7,3.1
2347.1,3.87,3.8,3.7,7.3,2.7
964.0,3.95,3.9,3.8,5.5,3.1
72.6,3.63,3.6,3.6,4.4,3.1
246.29999999999998,3.91,3.9,3.9,5.1,3.4
1712.4,3.54,3.5,3.4,5.1,2.6
18.8,3.76,3.7,4.0,4.0,3.5
27.799999999999997,3.97,3.9,3.9,4.6,3.6
18.6,3.72,3.8,3.8,3.9,3.4
490.4,3.38,3.4,3.5,4.3,2.3
399.4,3.8,3.8,3.8,5.6,3.4
77.1,3.67,3.6,3.6,4.3,3.3
1234.6,4.06,4.0,4.0,6.6,2.3
1059.0,3.95,3.8,3.8,6.6,3.0
18.2,3.03,3.25,2.1,3.6,2.1
6.6,3.3,3.3,3.2,3.4,3.2
10.6,3.53,3.9,3.9,3.9,2.8
1376.3,3.62,3.6,3.7,4.4,2.7
216.9,4.25,4.2,4.4,6.6,3.0
96.0,4.0,3.9,3.9,4.5,3.7
95.9,3.84,3.9,4.0,4.3,3.1
609.6,3.59,3.6,3.5,4.5,3.0
68.6,3.61,3.7,3.7,3.8,3.3
7.2,3.6,3.6,3.5,3.7,3.5
102.7,3.95,4.0,4.0,4.8,2.8
8796.8,3.49,3.4,3.4,8.0,2.3
24254.9,3.8,3.8,3.7,6.3,2.8
67.4,3.96,3.9,3.8,4.7,3.5
3.7,3.7,3.7,3.7,3.7,3.7
8.5,4.25,4.25,4.2,4.3,4.2
152.5,3.81,3.8,3.7,4.4,3.4
34037.7,3.74,3.7,3.7,6.9,3.0
229.1,4.32,4.2,4.2,6.2,2.3
2.7,2.7,2.7,2.7,2.7,2.7
6.199999999999999,3.1,3.1,2.9,3.3,2.9
1748.9,3.52,3.5,3.6,7.2,2.1
4122.0,3.67,3.6,3.5,5.7,2.9
3.9,3.9,3.9,3.9,3.9,3.9
26.2,2.02,1.8,2.7,2.7,1.5
19.1,3.18,3.2,2.3,3.9,2.3
1400.1,3.86,3.8,3.7,4.9,3.2
7.1,3.55,3.55,3.3,3.8,3.3
176.1,3.67,3.8,3.9,4.2,2.7
98.2,2.81,2.9,3.0,3.3,2.3
411.1,3.61,3.6,3.6,4.5,2.8
49.9,3.84,3.8,3.8,4.3,3.5
18.3,3.66,3.6,3.6,4.0,3.5
1770.0,3.77,3.8,3.8,5.5,2.1
3.0,3.0,3.0,3.0,3.0,3.0
1011.6,3.55,3.6,3.5,5.1,2.4
82.5,3.75,3.7,3.6,4.2,3.3
38.6,2.57,2.4,1.8,4.2,1.3
3.8,3.8,3.8,3.8,3.8,3.8
70.2,3.69,3.7,3.6,4.1,3.4
278.3,4.35,4.3,4.0,6.1,3.7
3.9,3.9,3.9,3.9,3.9,3.9
1960.5,3.62,3.6,3.6,4.3,3.2
891.5,3.89,3.8,3.8,5.6,3.3
7.300000000000001,3.65,3.65,3.6,3.7,3.6
21.4,3.57,3.55,3.5,3.9,3.1
23.2,3.31,3.2,2.9,4.0,2.9
9157.2,3.63,3.6,3.6,4.3,3.0
31.0,3.88,3.85,3.7,4.3,3.6
207.9,3.85,3.8,3.7,4.7,3.3
699.2,3.64,3.6,3.6,4.8,2.8
7.699999999999999,3.85,3.85,3.8,3.9,3.8
15.5,2.58,2.6,2.6,3.2,2.0
380.2,3.84,3.8,3.7,7.1,3.2
15.8,3.95,3.9,3.8,4.2,3.8
2.5,2.5,2.5,2.5,2.5,2.5
134.8,3.85,3.9,4.0,4.4,3.3
37268.2,3.5,3.5,3.4,7.5,1.5
344.1,3.78,3.8,3.8,4.7,3.4
307.5,2.65,2.6,1.9,4.1,1.2
8.4,2.8,2.7,2.6,3.1,2.6
5.4,2.7,2.7,2.5,2.9,2.5
7.0,3.5,3.5,3.4,3.6,3.4
103.9,3.35,3.7,3.7,4.0,2.3
190.8,3.89,3.9,3.7,4.5,3.4
28.3,3.54,3.5,3.2,3.9,3.2
9.8,3.27,3.5,3.5,3.5,2.8
6.5,3.25,3.25,3.0,3.5,3.0
2768.2,3.62,3.6,3.6,4.1,3.0
105.5,3.91,3.9,3.7,4.5,3.6
91.7,3.99,4.0,3.9,4.6,3.5
8.0,4.0,4.0,3.8,4.2,3.8
22.1,3.68,3.75,3.8,3.8,3.4
19.1,3.82,3.7,3.7,4.4,3.5
32.7,4.09,4.15,3.6,4.5,3.6
4392.2,3.59,3.6,3.6,4.6,0.6
41.7,3.79,3.7,3.7,4.6,3.3
13601.1,3.74,3.7,3.7,7.4,2.3
7.8999999999999995,3.95,3.95,3.8,4.1,3.8
463.2,3.38,3.6,3.7,5.1,1.0
59.1,3.94,4.0,4.0,4.3,3.4
26855.4,3.83,3.8,3.8,8.2,2.8
119405.4,3.44,3.4,3.4,7.2,1.2
4.2,4.2,4.2,4.2,4.2,4.2
347.2,3.58,3.5,3.4,6.4,2.6
3.3,3.3,3.3,3.3,3.3,3.3
601.2,2.76,2.7,2.7,4.8,1.5
10.7,3.57,3.5,3.5,3.7,3.5
11.7,3.9,4.2,2.9,4.6,2.9
47.2,3.93,3.9,3.7,5.2,2.6
117.6,3.56,3.6,3.7,3.9,3.1
3.2,3.2,3.2,3.2,3.2,3.2
17981.0,3.57,3.5,3.4,7.4,2.0
7.8,3.9,3.9,3.8,4.0,3.8
4116.2,3.84,3.8,3.8,5.3,2.5
5349.3,3.79,3.7,3.6,6.9,2.7
7.5,3.75,3.75,3.6,3.9,3.6
3.8,3.8,3.8,3.8,3.8,3.8
3.7,3.7,3.7,3.7,3.7,3.7
67.3,3.74,3.8,3.8,4.2,3.4
16.4,4.1,4.15,3.6,4.5,3.6
3.7,3.7,3.7,3.7,3.7,3.7
34817.8,3.52,3.5,3.4,6.0,2.4
21.1,4.22,4.2,3.9,4.6,3.9
22.7,3.78,3.8,3.8,4.0,3.4
3375.4,3.26,3.4,3.4,5.1,1.5
11.5,3.83,3.9,3.9,3.9,3.7
43.1,3.92,4.0,4.0,4.1,3.7
55.0,3.24,3.3,3.1,3.8,1.9
7.800000000000001,3.9,3.9,3.6,4.2,3.6
48.4,3.72,3.8,3.3,4.1,3.3
47.3,3.15,3.2,3.4,4.0,2.0
17.1,2.14,2.15,1.9,2.5,1.8
4521.3,3.72,3.7,3.7,4.7,3.0
244.5,3.22,3.4,3.4,4.1,1.8
14.6,3.65,3.6,3.6,3.9,3.5
83.1,3.96,3.9,4.1,5.2,3.5
12.9,3.22,3.2,3.1,3.4,3.1
13.9,2.78,2.8,2.5,3.0,2.5
33.3,3.33,3.45,3.5,3.8,2.7
36.0,3.0,3.0,3.0,3.2,2.7
308.6,3.63,3.6,3.3,7.0,3.0
4.1,4.1,4.1,4.1,4.1,4.1
13.4,3.35,3.3,3.3,3.7,3.1
5.9,2.95,2.95,2.6,3.3,2.6
14.8,3.7,3.7,3.7,3.8,3.6
318.2,3.66,3.7,3.7,5.3,2.9
10.5,3.5,3.4,3.4,3.7,3.4
25.0,3.12,3.25,1.9,3.8,1.9
31.6,3.16,3.1,2.9,4.3,1.8
17.6,3.52,3.5,3.8,3.8,3.1
72.8,3.17,3.2,3.1,3.7,2.5
22.9,2.54,2.5,2.5,3.5,1.0
17.6,3.52,3.5,3.5,3.6,3.4
42.7,3.28,3.5,3.1,4.2,1.9
9.2,3.07,3.4,2.1,3.7,2.1
3.0,3.0,3.0,3.0,3.0,3.0
3.2,3.2,3.2,3.2,3.2,3.2
37.6,3.42,3.4,3.4,3.7,3.0
6.6,3.3,3.3,2.6,4.0,2.6
10547.6,3.79,3.8,3.7,7.6,2.7
65.3,3.44,3.4,3.4,4.0,2.6
36.7,3.34,3.5,3.5,3.5,2.9
6.6,3.3,3.3,3.0,3.6,3.0
6.6,2.2,2.2,2.0,2.4,2.0
32.3,3.59,3.5,3.4,4.0,3.3
3.3,3.3,3.3,3.3,3.3,3.3
14.0,3.5,3.5,3.5,3.6,3.4
154.6,3.68,3.7,3.5,5.0,3.2
7.4,3.7,3.7,3.7,3.7,3.7
78180.9,3.82,3.8,3.8,6.8,2.5
3.4,3.4,3.4,3.4,3.4,3.4
127.9,3.88,3.8,3.8,4.5,3.5
7.4,3.7,3.7,3.6,3.8,3.6
11.1,3.7,3.6,3.6,3.9,3.6
35.6,3.96,3.9,3.9,4.2,3.8
19133.4,3.51,3.5,3.5,5.6,1.8
250.5,3.74,3.7,3.6,4.5,3.4
123.6,3.64,3.65,3.6,4.0,3.2
985.6,4.32,4.2,3.9,6.4,3.1
37.1,1.77,1.7,1.7,3.8,0.3
7.699999999999999,3.85,3.85,3.8,3.9,3.8
29925.1,3.57,3.5,3.5,6.8,2.3
3.2,3.2,3.2,3.2,3.2,3.2
22.1,3.16,3.1,3.0,3.6,2.9
8.0,4.0,4.0,3.9,4.1,3.9
46.6,3.33,3.4,3.4,3.9,2.7
4.0,4.0,4.0,4.0,4.0,4.0
10.2,3.4,3.4,3.4,3.4,3.4
1844.2,3.46,3.5,3.6,6.5,2.1
7801.8,3.61,3.6,3.6,6.3,1.4
640.8,3.86,3.9,4.0,4.7,2.9
70.1,3.89,3.95,3.9,4.3,3.2
7564.9,3.78,3.8,3.9,6.0,3.0
240.1,3.43,3.4,3.4,4.1,2.8
6.8,1.7,1.8,1.8,1.8,1.4
4.4,4.4,4.4,4.4,4.4,4.4
21.0,3.5,3.55,3.7,3.7,3.1
6.8,3.4,3.4,3.3,3.5,3.3
256.1,3.82,3.8,3.7,4.6,2.9
6.2,3.1,3.1,3.0,3.2,3.0
3.4,3.4,3.4,3.4,3.4,3.4
3.4,3.4,3.4,3.4,3.4,3.4
52.1,4.01,4.0,3.8,4.6,3.3
93.4,3.74,3.7,3.7,4.4,3.5
3.6,3.6,3.6,3.6,3.6,3.6
3.6,3.6,3.6,3.6,3.6,3.6
7.8,3.9,3.9,3.8,4.0,3.8
18.6,3.72,3.7,4.0,4.0,3.4
4.1,4.1,4.1,4.1,4.1,4.1
3.7,3.7,3.7,3.7,3.7,3.7
46.0,3.83,3.75,3.4,4.7,3.4
534.7,3.66,3.6,3.6,4.7,3.2
17.5,2.92,2.9,2.1,4.0,2.1
14.0,2.8,2.8,2.3,3.6,2.3
660.0,3.71,3.65,3.5,5.1,2.6
13.9,3.48,3.5,3.5,3.6,3.3
41.0,3.73,3.6,3.6,4.3,3.6
6.9,3.45,3.45,3.0,3.9,3.0
3.4,3.4,3.4,3.4,3.4,3.4
28.3,3.54,3.5,3.4,3.9,3.3
109.3,4.05,4.1,3.8,5.8,3.4
49.1,3.78,3.8,3.9,4.1,3.3
10.8,3.6,3.6,3.4,3.8,3.4
115.2,3.6,3.55,3.4,4.5,3.1
107.1,3.97,3.9,3.7,4.9,3.6
8.0,4.0,4.0,3.9,4.1,3.9
55.5,3.47,3.6,3.6,3.8,2.0
5449.3,3.71,3.7,3.5,6.9,2.8
4.0,4.0,4.0,4.0,4.0,4.0
48.8,3.49,3.5,3.5,3.8,3.1
173.9,3.78,3.8,3.9,4.7,2.7
454.0,3.41,3.4,3.3,4.3,2.6
3.0,3.0,3.0,3.0,3.0,3.0
21.3,3.55,3.5,3.5,3.9,3.4
376.2,3.39,3.4,3.4,4.4,2.3
5299.6,3.54,3.5,3.4,5.6,2.7
10272.7,3.73,3.7,3.7,6.6,2.5
93.1,4.05,4.0,3.9,4.7,3.6
48.8,3.49,3.5,3.5,3.9,2.8
8212.6,3.72,3.7,3.7,4.9,2.9
58.3,3.64,3.7,3.4,4.1,3.0
1524.3,3.55,3.5,3.5,4.7,2.6
39.9,3.63,3.6,3.7,4.4,3.2
35.7,3.57,3.55,3.5,3.8,3.4
4.2,4.2,4.2,4.2,4.2,4.2
11.2,3.73,3.4,3.3,4.5,3.3
18.4,3.68,3.9,3.9,3.9,3.3
426.7,3.99,3.9,3.9,4.8,3.4
7.1,2.37,2.4,2.4,2.4,2.3
100.2,3.85,3.75,3.6,4.6,3.4
5.2,2.6,2.6,2.0,3.2,2.0
1345.7,3.61,3.6,3.6,4.8,2.9
10.2,3.4,3.4,3.4,3.4,3.4
3.8,3.8,3.8,3.8,3.8,3.8
6.9,3.45,3.45,3.2,3.7,3.2
6.699999999999999,3.35,3.35,3.3,3.4,3.3
31.7,3.52,3.6,3.6,4.0,2.8
1625.5,3.56,3.5,3.4,5.9,2.9
31.0,3.1,3.2,2.9,3.7,2.3
81.0,3.86,3.7,3.6,4.9,3.5
2.4,2.4,2.4,2.4,2.4,2.4
66.3,3.32,3.4,3.5,3.7,2.5
4.6,4.6,4.6,4.6,4.6,4.6
10.0,3.33,3.2,3.1,3.7,3.1
15.1,3.02,2.9,2.7,3.5,2.7
180.9,3.62,3.65,3.7,4.0,3.1
125.6,3.31,3.4,3.5,4.1,2.1
238.6,3.73,3.7,3.7,4.8,3.2
12.3,2.05,1.75,1.6,3.5,1.6
12.2,4.07,3.8,3.8,4.6,3.8
35.9,3.26,3.3,3.3,3.8,2.5
2.6,2.6,2.6,2.6,2.6,2.6
204.3,3.65,3.6,3.6,4.1,3.1
141.6,3.45,3.5,3.8,5.1,2.5
240.3,3.53,3.5,3.5,4.3,3.1
47.2,3.63,3.6,3.3,4.2,3.3
59.4,2.83,2.8,2.4,3.6,2.0
3483.0,3.74,3.7,3.7,5.4,3.1
2.3,2.3,2.3,2.3,2.3,2.3
22.6,3.77,3.75,3.7,4.0,3.5
17.7,2.95,3.1,2.1,3.7,2.1
10.4,2.6,2.8,1.3,3.5,1.3
19.5,2.17,1.9,1.3,3.5,1.3
15.2,3.8,3.8,3.5,4.1,3.5
1192.7,3.5,3.5,3.5,5.0,2.6
7.300000000000001,3.65,3.65,3.6,3.7,3.6
10.6,3.53,3.6,3.3,3.7,3.3
7.3,3.65,3.65,3.5,3.8,3.5
10.1,3.37,3.4,3.1,3.6,3.1
69.8,3.32,3.3,3.3,5.1,1.9
29109.3,3.85,3.8,3.8,6.6,2.9
10.3,3.43,3.3,3.2,3.8,3.2
6.9,3.45,3.45,3.1,3.8,3.1
43.9,3.66,3.6,3.5,4.3,3.2
6.199999999999999,3.1,3.1,2.9,3.3,2.9
18.4,3.07,3.25,1.9,3.8,1.9
17.900000000000002,4.48,4.3,3.9,5.4,3.9
51.2,3.66,3.65,3.3,4.2,3.1
67.3,4.21,4.0,3.8,5.5,3.7
395.0,3.69,3.7,3.7,4.4,2.8
52.5,3.75,3.75,3.8,4.7,3.2
3.5,3.5,3.5,3.5,3.5,3.5
19262.2,3.72,3.7,3.6,6.0,2.8
3.8,3.8,3.8,3.8,3.8,3.8
1631.6,3.65,3.7,3.7,4.2,3.0
105.4,2.11,2.15,2.2,3.5,1.0
6.4,3.2,3.2,3.1,3.3,3.1
176.9,4.11,4.0,4.1,5.5,3.6
7.4,2.47,2.3,2.0,3.1,2.0
10.4,3.47,3.5,3.2,3.7,3.2
68.5,3.81,3.8,3.5,4.4,3.5
22.099999999999998,3.68,3.7,3.8,4.1,3.3
3.9,3.9,3.9,3.9,3.9,3.9
11.4,3.8,3.8,3.6,4.0,3.6
3.7,3.7,3.7,3.7,3.7,3.7
16.1,2.3,2.1,1.1,3.2,1.1
646.7,3.85,3.75,3.7,6.8,3.0
195.6,3.91,3.9,3.8,4.8,3.2
9472.2,3.43,3.5,3.5,6.2,1.8
4.2,4.2,4.2,4.2,4.2,4.2
18.6,3.72,3.6,3.6,4.3,3.4
2873.4,3.35,3.4,3.4,4.7,2.4
3.6,3.6,3.6,3.6,3.6,3.6
27.4,3.91,3.9,3.9,4.1,3.7
1612.4,3.79,3.7,3.7,5.7,3.1
11.7,3.9,4.0,4.0,4.0,3.7
7.1,3.55,3.55,3.5,3.6,3.5
32.5,3.61,3.6,3.4,3.9,3.1
26.2,3.28,3.0,3.0,4.5,2.8
15.200000000000001,3.8,3.65,3.5,4.4,3.5
3.8,3.8,3.8,3.8,3.8,3.8
20.8,2.97,3.4,1.4,4.3,1.4
53.3,3.81,3.8,3.8,4.4,3.5
3.7,3.7,3.7,3.7,3.7,3.7
20.7,2.59,2.6,2.6,3.4,1.0
62.7,3.48,3.55,3.7,3.9,2.0
9.2,3.07,3.5,3.5,3.5,2.2
61.5,3.62,3.6,3.6,3.8,3.4
3.6,3.6,3.6,3.6,3.6,3.6
250.4,3.85,3.8,3.9,4.6,3.3
34.1,2.44,2.4,1.4,3.8,1.2
133.0,3.32,3.45,3.5,3.8,2.3
7.2,3.6,3.6,3.5,3.7,3.5
4.0,4.0,4.0,4.0,4.0,4.0
149.6,3.56,3.5,3.3,5.1,3.0
15.6,3.9,3.9,3.6,4.2,3.6
682.6,1.54,1.4,1.2,3.9,0.6
14.0,3.5,3.4,3.2,4.0,3.2
10.3,3.43,3.4,3.4,3.5,3.4
7.0,3.5,3.5,3.5,3.5,3.5
60.9,3.81,3.75,3.5,4.3,3.3
14.8,3.7,3.8,4.0,4.0,3.2
14.2,3.55,3.45,3.2,4.1,3.2
26.1,3.73,3.7,3.6,4.0,3.6
65.1,3.62,3.6,3.4,4.5,3.1
8821.9,3.79,3.7,3.7,7.6,2.4
126.6,3.72,3.8,3.8,4.2,2.8
43.199999999999996,3.93,3.9,4.1,4.2,3.6
21.7,2.41,2.2,2.1,3.4,2.0
2001.6,3.59,3.6,3.6,6.5,2.9
